[
  {
    "UserName": "ahmad",
    "Password": "11111"

  },
  {
    "UserName": "mohammad",
    "Password": "22222"
  },
  {
    "UserName": "samer",
    "Password": "33333"
  },
  {
    "UserName": "salem",
    "Password": "44444"
  },
  {
    "UserName": "karam",
    "Password": "55555"
  },
  {
    "UserName": "reem",
    "Password": "66666"
  },
  {
    "UserName": "noor",
    "Password": "77777"
  },
  {
    "UserName": "sara",
    "Password": "88888"
  },
  {
    "UserName": "hiba",
    "Password": "99999"
  }

]